url,entityID,
1388.htm,8009379582,
1173.htm,15013727707
0182.htm,18008886100
1697.htm,18665404494
1713.htm,19014528408
1567.htm,2022442044
1565.htm,2026540999
1564.htm,2022328800
0767.htm,2026823123
0769.htm,2027377663
0771.htm,2022372892
0773.htm,2022446600
0770.htm,2022939091
0774.htm,2022999630
1568.htm,2023322207
0765.htm,2023336353
0772.htm,2023381747
0766.htm,2023383830
1566.htm,2023473434
0764.htm,2023937777
0763.htm,2024663474
1563.htm,2025466768
0768.htm,2026294348
1029.htm,2054441515
1822.htm,2057470855
1028.htm,2059423336
1823.htm,2059458007
0068.htm,2052522109
0070.htm,2053226014
1824.htm,2053236980
1030.htm,2053282007
0073.htm,2054141411
0066.htm,2054445750
0064.htm,2055200502
0072.htm,2058224646
0069.htm,2058231217
1026.htm,2058704406
0067.htm,2059429866
1821.htm,2059511205
1818.htm,2059671376
0065.htm,2059785355
1819.htm,2059786863
1820.htm,2059791515
1027.htm,2059808266
0071.htm,2059854696
0063.htm,2059910035
0074.htm,2059955775
0581.htm,2067285181
0580.htm,2066333800
1394.htm,2063231300
0526.htm,2062561499
0583.htm,2062821549
0524.htm,2063208757
0585.htm,2063224600
0589.htm,2063231544
0587.htm,2063284604
1393.htm,2063296463
1391.htm,2064415322
1395.htm,2065281575
0523.htm,2065459050
0527.htm,2066211984
1392.htm,2066228717
1387.htm,2066230629
0522.htm,2066234450
0584.htm,2066241756
0588.htm,2066245500
1389.htm,2066251146
0582.htm,2066320421
1390.htm,2066325125
0520.htm,2066330801
0521.htm,2067281966
1386.htm,2067497000
0525.htm,2067893770
0586.htm,2067895100
1194.htm,2083319855
1190.htm,2083775551
0310.htm,2082468639
0309.htm,2083234445
1195.htm,2083234688
1191.htm,2083311173
1995.htm,2083312384
1994.htm,2083362150
1189.htm,2083362878
0306.htm,2083434177
0307.htm,2083447471
0308.htm,2083450026
0311.htm,2083734968
1193.htm,2083761266
1196.htm,2088536830
1488.htm,2109211112
1478.htm,2102230500
1343.htm,2102233900
1484.htm,2102270864
1341.htm,2102271187
1479.htm,2102272782
1487.htm,2102291941
0693.htm,2102991296
0689.htm,2103427771
0692.htm,2103663012
0696.htm,2105231010
0690.htm,2105450300
1344.htm,2105586500
1490.htm,2106747900
1482.htm,2106845376
1342.htm,2107326017
0691.htm,2107380099
1345.htm,2107982222
1339.htm,2108215051
0688.htm,2108223361
1486.htm,2108227681
1483.htm,2108260800
0694.htm,2108282322
1485.htm,2108283508
1489.htm,2108289050
0695.htm,2108587388
1480.htm,2109465518
1351.htm,2122071902
0001.htm,2125541515
1560.htm,2122286751
1350.htm,2122338888
0537.htm,2122422606
1352.htm,2122554160
0000.htm,2122652610
0535.htm,2122740505
0005.htm,2122880033
0041.htm,2122979177
1347.htm,2124772900
0037.htm,2124890051
0035.htm,2125018121
0530.htm,2125175340
0010.htm,2125755129
0034.htm,2125811818
0534.htm,2126200393
0042.htm,2126204020
1348.htm,2126440202
0533.htm,2126452189
1349.htm,2126748685
1346.htm,2126776300
0044.htm,2126832322
0036.htm,2126918211
0536.htm,2126989008
0531.htm,2127416623
0039.htm,2127573016
0040.htm,2127770303
0008.htm,2129417994
0004.htm,2129473636
0038.htm,2129642525
0528.htm,2129665585
0007.htm,2129721001
0043.htm,2129861520
0009.htm,2129896699
0529.htm,2129959511
0002.htm,2129974540
1361.htm,2136241000
0240.htm,2138910900
1548.htm,2144287427
0752.htm,2148901103
1873.htm,2143752020
1870.htm,2142192201
1544.htm,2143502470
1547.htm,2143520005
1550.htm,2143636655
1878.htm,2143736527
1553.htm,2143737171
1555.htm,2144439998
1554.htm,2145268181
1876.htm,2145281731
1877.htm,2147404001
0758.htm,2147443287
0749.htm,2148210601
1546.htm,2148246200
1872.htm,2148260968
0753.htm,2148267100
0750.htm,2148282916
1429.htm,2153871803
0927.htm,2154131443
1426.htm,2154131918
0932.htm,2154254983
0931.htm,2154631951
1422.htm,2154830444
0934.htm,2155452262
1423.htm,2155455508
0626.htm,2155459600
0933.htm,2155460181
0928.htm,2155643860
1424.htm,2155672020
0627.htm,2155698939
0624.htm,2155920363
0935.htm,2155921163
0629.htm,2157326622
1428.htm,2157550663
0929.htm,2157902533
1427.htm,2158758002
0625.htm,2159223676
1425.htm,2159226433
0623.htm,2159236069
0930.htm,2159258880
0703.htm,2162671010
1496.htm,2162914943
1432.htm,2163711811
1500.htm,2163813341
1491.htm,2163825350
1498.htm,2164290440
1440.htm,2165750699
1492.htm,2165799999
1434.htm,2165839999
1497.htm,2165899112
1493.htm,2165910888
1431.htm,2166213838
1499.htm,2166218686
1435.htm,2166230909
1437.htm,2166231212
0697.htm,2166317757
1439.htm,2166913387
1438.htm,2166965600
1430.htm,2166967529
1494.htm,2167711334
0698.htm,2167817462
1436.htm,2168610900
1433.htm,2168810045
0704.htm,2168899999
0702.htm,2168969081
0700.htm,2169411120
0699.htm,2169610000
0158.htm,2257512888
0152.htm,2252726817
1883.htm,2252912424
1884.htm,2252913503
1080.htm,2252918881
1079.htm,2252934077
1083.htm,2252936480
1082.htm,2253836666
1880.htm,2253875331
0154.htm,2257529377
0157.htm,2257614465
1882.htm,2257660366
1081.htm,2257677571
0155.htm,2257698896
1886.htm,2258198438
1885.htm,2258199862
0153.htm,2259241391
1881.htm,2259243550
1879.htm,2259272535
0156.htm,2259282702
1968.htm,2393318944
1973.htm,2395974800
1969.htm,2397756480
1970.htm,2392610977
0260.htm,2392621127
0258.htm,2392626546
1965.htm,2392628339
1966.htm,2393539440
1972.htm,2394037861
1150.htm,2394346116
1153.htm,2394346400
0267.htm,2394346653
1964.htm,2394348494
0264.htm,2394359796
1151.htm,2395663354
0265.htm,2395667395
1154.htm,2395965515
0259.htm,2395983300
0263.htm,2396432201
1156.htm,2396495552
1155.htm,2396592996
0262.htm,2396929441
0261.htm,2397752500
1152.htm,2397753388
1971.htm,2397754424
0440.htm,2513400408
0442.htm,2513416171
1296.htm,2513424588
1292.htm,2513436622
0444.htm,2514317550
0436.htm,2514711465
0443.htm,2514731527
0439.htm,2514739464
0441.htm,2514763847
1295.htm,2514787427
1293.htm,2514797778
1294.htm,2516338200
0437.htm,2516339077
0445.htm,2516615100
1421.htm,2672325600
0628.htm,2676393260
0429.htm,2814967580
1385.htm,2818700807
0896.htm,2990001
1466.htm,3034809100
1333.htm,3032826258
1332.htm,3032922229
1212.htm,3032960800
1334.htm,3032963525
1215.htm,3032967000
1217.htm,3033212370
0401.htm,3033377827
0400.htm,3033681668
0673.htm,3033931040
0678.htm,3033943939
1469.htm,3034332138
1470.htm,3034337400
0509.htm,3034400220
1319.htm,3034400810
1326.htm,3034405858
0506.htm,3034409600
0494.htm,3034420378
0496.htm,3034425012
0503.htm,3034428162
0508.htm,3034428813
0501.htm,3034435108
1321.htm,3034436300
0505.htm,3034443133
0495.htm,3034445119
0504.htm,3034445533
0498.htm,3034448434
1320.htm,3034473354
1322.htm,3034479718
0500.htm,3034491752
1328.htm,3034494111
1327.htm,3034494473
1329.htm,3034495273
1468.htm,3034585248
1471.htm,3034774600
1331.htm,3034944210
0497.htm,3034947626
1214.htm,3035341927
1336.htm,3035392500
1325.htm,3035456585
0675.htm,3035759000
1216.htm,3035953275
0674.htm,3036233191
0677.htm,3036235432
0402.htm,3036936290
1330.htm,3037741441
0502.htm,3037868585
0672.htm,3038253353
0676.htm,3038311296
1338.htm,3038326600
1467.htm,3038930654
1213.htm,3039364954
0499.htm,3039911899
0837.htm,3055927666
1634.htm,3056632100
1631.htm,3052268032
0833.htm,3052665494
0841.htm,3052731102
0843.htm,3053734291
0838.htm,3054422427
1233.htm,3055141940
1232.htm,3055206400
1239.htm,3055316090
1243.htm,3055322882
1635.htm,3055323061
0366.htm,3055323818
1236.htm,3055326635
1235.htm,3055329070
0364.htm,3055340505
0361.htm,3055344003
0360.htm,3055346373
1238.htm,3055347734
1240.htm,3055349600
1237.htm,3055381801
0842.htm,3055382115
1244.htm,3055383009
1632.htm,3055721400
0839.htm,3055735521
1636.htm,3055958453
1633.htm,3056430227
0840.htm,3056618141
0363.htm,3056728777
1231.htm,3056738443
0367.htm,3056739368
1245.htm,3056749906
1234.htm,3056950300
1241.htm,3056958103
0365.htm,3056958484
0834.htm,3057400995
0835.htm,3057922006
1242.htm,3058671717
0836.htm,3059570006
0244.htm,3104501429
0558.htm,3103919616
0557.htm,3104749400
0252.htm,3104771577
0021.htm,3122530594
0550.htm,3126447700
0541.htm,3122394030
0016.htm,3122437100
1356.htm,3122551590
0544.htm,3122663110
0149.htm,3122666444
0023.htm,3122668999
0144.htm,3123212725
0549.htm,3123216242
0539.htm,3123355454
0014.htm,3123772002
0019.htm,3124109900
1358.htm,3124408660
1359.htm,3124677177
0015.htm,3124829179
0022.htm,3125272722
1354.htm,3125273510
0546.htm,3125651234
0538.htm,3125734000
0147.htm,3125878910
0020.htm,3126262444
0146.htm,3126449450
1353.htm,3127511766
1357.htm,3127861000
0012.htm,3127899655
0548.htm,3128229600
0151.htm,3128289800
1360.htm,3128500303
0143.htm,3129209332
0145.htm,3129329330
1136.htm,3139613043
0238.htm,3132233933
0235.htm,3132590922
0234.htm,3132599500
1137.htm,3135215959
1135.htm,3136408284
1133.htm,3137947427
0232.htm,3138329233
0237.htm,3138432151
0233.htm,3139612543
0239.htm,3139632860
1134.htm,3139633003
0236.htm,3139638727
1132.htm,3139655464
1593.htm,3142319970
0802.htm,3142415503
0807.htm,3143530545
1603.htm,3143610013
1601.htm,3143610522
0809.htm,3143611589
1598.htm,3143676111
0803.htm,3143677750
1599.htm,3144215300
1602.htm,3144546970
1595.htm,3146445480
1597.htm,3147278000
0804.htm,3147724442
0808.htm,3147724454
0805.htm,3147738646
1596.htm,3148321973
1600.htm,3148452584
1594.htm,3149680061
1894.htm,3152511366
0171.htm,3154330118
0174.htm,3154466666
1893.htm,3154516956
1094.htm,3154665715
1093.htm,3154719874
1095.htm,3154720480
1092.htm,3154741126
0170.htm,3154747777
0169.htm,3154757000
1895.htm,3154763455
0173.htm,3154790460
0172.htm,3154872722
0138.htm,3162639164
0140.htm,3162650707
1867.htm,3162653666
0133.htm,3162657888
1868.htm,3162692295
0134.htm,3163031110
0139.htm,3166183688
1069.htm,3166364411
0137.htm,3166365154
1070.htm,3166515933
0135.htm,3166845173
1067.htm,3166864110
0142.htm,3166875444
0141.htm,3166918950
1068.htm,3169420125
1866.htm,3169429999
1869.htm,3169431082
1504.htm,3176023708
0711.htm,3176362121
1528.htm,3179745747
1533.htm,3172289090
1509.htm,3172152222
1532.htm,3172373447
1502.htm,3172430299
1510.htm,3172471818
0706.htm,3172511488
0705.htm,3172552450
1501.htm,3173518088
1507.htm,3173520398
0707.htm,3174230312
1503.htm,3175707333
1531.htm,3176327268
1529.htm,3176360396
0710.htm,3176361414
0708.htm,3176818180
1505.htm,3178410442
1530.htm,3179252823
1508.htm,3179724180
1860.htm,3216770303
0241.htm,3232970101
0242.htm,3232678668
1362.htm,3234613663
0552.htm,3234630000
0251.htm,3234663894
0250.htm,3234667453
0245.htm,3236537145
0553.htm,3238569972
0248.htm,3238826524
0247.htm,3239062649
0412.htm,3362302055
0419.htm,3362710855
0418.htm,3362733306
0416.htm,3362753777
0420.htm,3362824800
0414.htm,3365456233
0413.htm,3365472888
0415.htm,3366748001
0417.htm,3368523303
1179.htm,4012732652
0296.htm,4015219229
1182.htm,4012742739
0294.htm,4012737278
1181.htm,4012737700
0292.htm,4012738953
1184.htm,4013311311
1987.htm,4014210284
1178.htm,4014533660
1177.htm,4014536423
1985.htm,4014541699
1180.htm,4014548951
1986.htm,4014553666
1183.htm,4015217428
0297.htm,4016219818
0293.htm,4018316666
1988.htm,4019195050
1109.htm,4025512233
1111.htm,4025027888
0198.htm,4022899210
0201.htm,4023336391
1916.htm,4023346800
1112.htm,4023424500
1912.htm,4023458313
1107.htm,4023469116
1996.htm,4023793833
1913.htm,4023906021
1919.htm,4023916300
0202.htm,4023931200
1910.htm,4023933111
1113.htm,4024518061
1918.htm,4025022777
1915.htm,4025560504
1911.htm,4025712333
0200.htm,4026919991
1110.htm,4026979888
1909.htm,4027581839
1108.htm,4028842288
1914.htm,4029338780‎
0666.htm,4043256963
0665.htm,4043773311
0668.htm,4045223950
0664.htm,4048158844
1144.htm,4042301724
1008.htm,4042311368
1011.htm,4042401984
1463.htm,4042490001
0662.htm,4042620702
1138.htm,4042622675
1003.htm,4042669988
1461.htm,4043151530
0663.htm,4043211493
1005.htm,4043479055
1460.htm,4043890099
0669.htm,4044979700
1465.htm,4045212596
1007.htm,4045224622
1143.htm,4045236664
1140.htm,4045245777
1006.htm,4046071622
0667.htm,4048120555
1142.htm,4048162555
0661.htm,4048410066
1459.htm,4048411192
1464.htm,4048720869
1139.htm,4048722942
0670.htm,4048734545
0671.htm,4048741388
1010.htm,4048741411
1141.htm,4048758424
1462.htm,4048766161
1458.htm,4048889149
1457.htm,4049690700
0049.htm,4058404762
1016.htm,4052311100
1812.htm,4052350402
1815.htm,4055244133
0051.htm,4055288424
1015.htm,4056013800
0048.htm,4056724904
0052.htm,4056771401
0054.htm,4056929866
1018.htm,4057027244
0050.htm,4057484443
0047.htm,4057492515
1813.htm,4057519700
1816.htm,4057525283
1019.htm,4057552255
1017.htm,4057553577
1814.htm,4057733663
1811.htm,4058101800
0053.htm,4058423355
0046.htm,4058439922
0045.htm,4059470400
0121.htm,4078479927
1521.htm,4079380300
1525.htm,4079393463
1519.htm,4072488888
0120.htm,4072397710
1526.htm,4072640205
0728.htm,4073452888
0727.htm,4073521607
1718.htm,4073557707
1524.htm,4073639635
1061.htm,4073961166
0114.htm,4073961202
1060.htm,4073967447
1859.htm,4073968888
1858.htm,4073971005
1855.htm,4073974300
1523.htm,4074209420
0725.htm,4074822100
0118.htm,4075661221
1719.htm,4078288739
0116.htm,4078473441
1856.htm,4078479595
1527.htm,4078543330
0724.htm,4078597844
0115.htm,4078705500
1059.htm,4079320987
1062.htm,4079332211
1715.htm,4079341609
1716.htm,4079348855
1857.htm,4079350063
0726.htm,4079393463
1717.htm,4079393463
1696.htm,4082478880
0905.htm,4082653020
1692.htm,4082806161
0907.htm,4082844260
0908.htm,4082866668
0909.htm,4082871542
1693.htm,4082952739
0910.htm,4082984400
0906.htm,4084531000
1698.htm,4085785860
1695.htm,4089232645
0903.htm,4089388920
0902.htm,4089462181
1694.htm,4089711700
1691.htm,4089771414
0901.htm,4089990798
1627.htm,4102259667
1515.htm,4102343782
1517.htm,4102762675
1622.htm,4102763160
1628.htm,4102768755
1624.htm,4103239463
1629.htm,4103275561
1513.htm,4103859946
0714.htm,4105342337
1623.htm,4105397344
1518.htm,4105398880
1516.htm,4105450444
1630.htm,4105632666
0723.htm,4105763938
1621.htm,4106315666
0721.htm,4106336485
0712.htm,4106750212
0720.htm,4106750898
0716.htm,4106757077
0718.htm,4106857733
0722.htm,4107273678
0715.htm,4107277732
1514.htm,4107524515
1625.htm,4108375500
0713.htm,4108898891
1511.htm,4109621212
0797.htm,4122016992
1589.htm,4122798088
1591.htm,4123444366
1584.htm,4123631500
1586.htm,4123715560
0793.htm,4123913993
1587.htm,4124319290
0801.htm,4124419344
0799.htm,4124711140
1585.htm,4124943344
0794.htm,4125610121
0800.htm,4126427711
1588.htm,4126818620
0795.htm,4126829603
0798.htm,4126878821
1592.htm,4128334211
1590.htm,4128350176
0796.htm,4129216677
0867.htm,4147276161
1658.htm,4142713377
1660.htm,4142714042
1657.htm,4142715375
1666.htm,4142716900
1664.htm,4142718111
1662.htm,4142728662
1663.htm,4142732113
0866.htm,4142735252
1656.htm,4142915600
1661.htm,4143536677
0868.htm,4143833553
0870.htm,4144838300
1665.htm,4147716320
1366.htm,4153983173
1369.htm,4157525652
0324.htm,4158267000
0568.htm,4159562902
1998.htm,4159083493
0567.htm,4152780480
1368.htm,4152826777
0565.htm,4152844040
1363.htm,4153799880
0329.htm,4153872147
0561.htm,4153921472
0325.htm,4153977355
1370.htm,4154213154
0566.htm,4154213786
1375.htm,4154331817
0327.htm,4154376800
0326.htm,4154402737
0564.htm,4154745569
0328.htm,4155524055
0559.htm,4155633779
1373.htm,4155673397
1376.htm,4156165000
1371.htm,4157762722
0323.htm,4157766500
0560.htm,4157775577
0569.htm,4158759943
1365.htm,4159083900
1364.htm,4159285797
1372.htm,4159337100
0563.htm,4159566969
1377.htm,4159825728
0562.htm,4159829738
1367.htm,4159863414
1374.htm,4159897154
1104.htm,4237027300
0191.htm,4232420045
1103.htm,4232655010
0193.htm,4232658606
0194.htm,4232660424
0187.htm,4232671555
0190.htm,4232672726
0195.htm,4234903488
0196.htm,4237528443
1905.htm,4237563497
1908.htm,4237564777
0192.htm,4237565911
1907.htm,4238867476
0189.htm,4238920404
0197.htm,4238923606
1102.htm,4238935506
1906.htm,4238943808
0188.htm,4238948726
1106.htm,4238997733
1495.htm,4404612233
0701.htm,4408420392
1626.htm,4436926172
0719.htm,4438693429
0755.htm,469341ROCK
1036.htm,4803621530
0080.htm,4805053668
1832.htm,4806149400
1037.htm,4802148000
0078.htm,4802222582
1825.htm,4803144215
0489.htm,4803452233
1315.htm,4803456560
1033.htm,4803481700
0076.htm,4803656000
1031.htm,4804291100
0075.htm,4804432556
1831.htm,4804516269
0744.htm,4805137466
1314.htm,4805176954
1032.htm,4805854848
0079.htm,4805856221
1038.htm,4805968265
0077.htm,4806030922
1540.htm,4807049206
0740.htm,4807065564
1312.htm,4807562002
1313.htm,4807772905
1311.htm,4807772929
0487.htm,4808381993
1827.htm,4809057979
1826.htm,4809418200
1829.htm,4809456600
1039.htm,4809470057
1830.htm,4809491957
1833.htm,4809498900
1828.htm,4809499000
0081.htm,4809513775
0488.htm,4809687909
1035.htm,4809902693
1169.htm,5012238588
1983.htm,5012240455
0289.htm,5012242057
1984.htm,5012276371
1174.htm,5013761195
1172.htm,5013762326
0290.htm,5015623273
0291.htm,5015651930
1176.htm,5016047777
1175.htm,5016610600
1170.htm,5016636336
0288.htm,5017072537
0960.htm,5022443535
1751.htm,5023277707
1748.htm,5024099180
1750.htm,5024264329
1747.htm,5024544544
1746.htm,5024738889
0959.htm,5025835214
1749.htm,5025838015
1744.htm,5025897373
1745.htm,5026253090
0961.htm,5026356960
1752.htm,5027217200
0962.htm,5028995575
0963.htm,5028999670
0729.htm,5032223187
1412.htm,5032229999
0604.htm,5032232995
0602.htm,5032263463
0605.htm,5032266126
0738.htm,5032268002
0610.htm,5032277282
0736.htm,5032280048
0730.htm,5032283333
0734.htm,5032287317
0731.htm,5032321387
1405.htm,5032324458
1410.htm,5032335301
0609.htm,5032341324
0608.htm,5032348115
1411.htm,5032356858
0732.htm,5032383777
1409.htm,5032811247
0737.htm,5032826539
0606.htm,5032884743
1408.htm,5032886456
0607.htm,5032926727
0611.htm,5034500893
0735.htm,5035252225
1406.htm,5035951782
0733.htm,5037363276
0603.htm,5037369228
1407.htm,5038925811
0940.htm,5045208100
1723.htm,5042540296
0939.htm,5043092776
0938.htm,5043782840
1722.htm,5044829179
0942.htm,5045224647
1726.htm,5045249805
1724.htm,5045254755
1727.htm,5045293661
1721.htm,5045522739
1720.htm,5045660077
0941.htm,5048669301
0936.htm,5048669313
0937.htm,5048994200
1725.htm,5048997411
1688.htm,5058842355
1687.htm,5058983311
0898.htm,5052430130
0894.htm,5052479205
1690.htm,5052622424
1685.htm,5052936018
0897.htm,5052999968
0892.htm,5053449169
0900.htm,5055543311
0899.htm,5058217488
1686.htm,5058280260
1689.htm,5058361212
0891.htm,5058362464
0895.htm,5058881111
0890.htm,5058893354
0893.htm,5058909463
1126.htm,5098385050
1944.htm,5097472689
1127.htm,5093258370
1131.htm,5093261333
1942.htm,5093287280
0224.htm,5093631100
1130.htm,5094557427
1943.htm,5094560350
0222.htm,5094563473
0227.htm,5094563676
1941.htm,5094671043
0229.htm,5094679100
1129.htm,5094831500
1946.htm,5094841203
0230.htm,5094844321
0226.htm,5094870848
1940.htm,5094871630
1125.htm,5095352112
0231.htm,5097471121
0221.htm,5097473852
0225.htm,5097474956
0223.htm,5097475579
1945.htm,5097479111
0228.htm,5097896848
1128.htm,5098355466
1211.htm,5104823663
1210.htm,5106522900
0315.htm,5103390566
1999.htm,5103392082
1204.htm,5103397878
0318.htm,5104280588
1206.htm,5104366768
1202.htm,5104512224
0319.htm,5104521994
1209.htm,5104656878
1208.htm,5104657188
0461.htm,5105263700
0462.htm,5105264429
0466.htm,5105278611
0468.htm,5105406351
1309.htm,5105408865
0472.htm,5105409333
1997.htm,5105479338
0470.htm,5105499885
1200.htm,5105948300
1201.htm,5106011424
1308.htm,5106444498
1305.htm,5106493810
0317.htm,5106538587
1205.htm,5106541601
1207.htm,5106545033
0321.htm,5106589799
1203.htm,5106639188
1307.htm,5107041789
0459.htm,5107041814
0316.htm,5107630300
0320.htm,5107634328
1306.htm,5108411688
0463.htm,5108436600
0471.htm,5108436678
0465.htm,5108488877
0467.htm,5108490211
0469.htm,5108491100
0460.htm,5108492827
0464.htm,5108831777
1282.htm,5124761997
0687.htm,5126567033
1802.htm,5122369599
0685.htm,5122571411
1803.htm,5122661369
0682.htm,5122662812
1474.htm,5123025200
0686.htm,5123265807
0683.htm,5123365999
1279.htm,5123391700
1280.htm,5123497667
1801.htm,5123911500
1473.htm,5124160749
1797.htm,5124189898
1800.htm,5124199700
1475.htm,5124400447
1472.htm,5124428283
1278.htm,5124473905
1276.htm,5124594121
1798.htm,5124720220
1281.htm,5124720693
0680.htm,5124729304
1799.htm,5124732413
0684.htm,5124773300
1476.htm,5124775228
0679.htm,5124777884
1804.htm,5124785355
1796.htm,5124828868
0681.htm,5124951857
1277.htm,5124956504
1477.htm,5125429542
1608.htm,5137218483
1609.htm,5137217709
0813.htm,5132419888
0815.htm,5133471111
1604.htm,5134211688
0814.htm,5135418900
1611.htm,5136216800
0810.htm,5136318367
0816.htm,5136714949
1606.htm,5136715834
1607.htm,5136818668
0811.htm,5137724800
1610.htm,5138717388
0812.htm,5139612878
1605.htm,5139617400
1303.htm,5152455500
1300.htm,5152792118
0451.htm,5152370022
0455.htm,5152442070
1301.htm,5152445224
1299.htm,5152445779
0453.htm,5152468055
1302.htm,5152665565
0456.htm,5152740884
0454.htm,5152801860
1304.htm,5152852972
0457.htm,5152882246
0458.htm,5152887755
0452.htm,5155571924
1981.htm,5184526878
0282.htm,5184316520
1168.htm,5184341938
0284.htm,5184351027
1164.htm,5184364952
1982.htm,5184520969
0286.htm,5184525670
0280.htm,5184526342
0285.htm,5184549320
0278.htm,5184588899
1165.htm,5184594585
1167.htm,5184595959
1163.htm,5184629180
0283.htm,5184823940
1162.htm,5184824863
0281.htm,5184891661
1166.htm,5184891661
0279.htm,5184892222
1733.htm,5205149665
0945.htm,5202968585
0944.htm,5203198856
1732.htm,5203207768
0943.htm,5205770747
1729.htm,5206227984
1731.htm,5206244126
1728.htm,5207473864
0948.htm,5207604777
0947.htm,5208811150
1730.htm,5208817000
0946.htm,5208852842
1892.htm,5592225698
1890.htm,5594355550
1087.htm,5594409302
1088.htm,5592771272
1889.htm,5594398357
0167.htm,5592240085
0160.htm,5592251166
1084.htm,5592254290
1888.htm,5592295888
1089.htm,5592300460
1086.htm,5592338890
0165.htm,5592339226
1090.htm,5592610778
0166.htm,5592646315
0164.htm,5592999740
0162.htm,5593237297
0163.htm,5594339085
1091.htm,5594389378
0159.htm,5594395303
1887.htm,5594396900
0161.htm,5594399463
1085.htm,5594409603
1891.htm,5594461802
0480.htm,5613530711
0477.htm,5612186003
0484.htm,5613380008
0485.htm,5613471750
0483.htm,5613628403
0476.htm,5613687788
0478.htm,5614828817
0486.htm,5614872989
0482.htm,5617502344
1310.htm,5617503710
0479.htm,5619129800
0481.htm,5619979557
0957.htm,5852713470
0955.htm,5855464070
0952.htm,5852274095
0953.htm,5852325830
1741.htm,5852326180
1743.htm,5852446526
0949.htm,5852447437
1736.htm,5852448680
0954.htm,5852623060
0956.htm,5852710320
0958.htm,5852715510
0950.htm,5852727180
1737.htm,5852880590
1742.htm,5852920590
1739.htm,5853810322
1738.htm,5854272680
1740.htm,5854424020
1735.htm,5854731563
1543.htm,6026878704
0742.htm,6029566600
0745.htm,6022245464
1538.htm,6022488460
1809.htm,6022585149
1806.htm,6022640700
0746.htm,6022645220
1808.htm,6022666469
1534.htm,6022739148
1536.htm,6022771749
0743.htm,6022797225
0741.htm,6023070022
1805.htm,6023313434
0739.htm,6023811237
1535.htm,6024316470
1807.htm,6025222288
1542.htm,6028417849
1541.htm,6029424224
1221.htm,6082040474
0343.htm,6082213818
0333.htm,6082360500
0348.htm,6082420560
0331.htm,6082421800
0345.htm,6082429300
1218.htm,6082443266
0341.htm,6082467733
0346.htm,6082498432
1219.htm,6082514455
0332.htm,6082516234
1220.htm,6082552272
0347.htm,6082552355
0334.htm,6082558227
0338.htm,6082558376
0330.htm,6082570597
0344.htm,6082571200
0336.htm,6082591668
1222.htm,6082602680
0335.htm,6082869400
0342.htm,6082943031
0340.htm,6082949988
0339.htm,6084429994
1223.htm,6088291444
1681.htm,6123710464
0886.htm,6123730840
0884.htm,6123322535
0878.htm,6123780467
0881.htm,6123313035
0883.htm,6123335798
0889.htm,6123533500
0879.htm,6123543512
0887.htm,6123780208
0885.htm,6126171111
1683.htm,6127212711
0880.htm,6127880461
1680.htm,6128228062
0888.htm,6128246300
0882.htm,6128252525
1678.htm,6128277376
1677.htm,6128703800
1684.htm,6128778111
1679.htm,6129253113
0817.htm,6142244034
0818.htm,6142282332
0823.htm,6142352551
1618.htm,6142462900
0819.htm,6144164745
1614.htm,6144212300
1616.htm,6144434214
0821.htm,6144739931
1613.htm,6144881911
1612.htm,6147992207
1620.htm,6148446500
0822.htm,6148840755
0820.htm,6148857446
1619.htm,6148880022
1617.htm,6148882467
1615.htm,6149856441
1758.htm,6152269283
1755.htm,6152427144
1753.htm,6152447477
0969.htm,6152923838
1756.htm,6153214537
0966.htm,6153229932
1761.htm,6153279081
1754.htm,6153663468
1757.htm,6153850050
0970.htm,6154633005
0968.htm,6158310432
1760.htm,6158836050
0967.htm,6158840171
0965.htm,6158857852
1993.htm,6162350102
1185.htm,6162412999
1989.htm,6162431219
1992.htm,6162815216
0304.htm,6163611808
0300.htm,6163637100
0303.htm,6164514779
0298.htm,6164585595
1186.htm,6164592999
0301.htm,6164936686
0305.htm,6167241818
1187.htm,6167355520
1991.htm,6169401632
0299.htm,6169499440
1188.htm,6169779464
0597.htm,6174264444
0636.htm,6174266969
0357.htm,6174415566
0350.htm,6176612937
0599.htm,6179334800
0641.htm,6172273434
1404.htm,6172279600
1227.htm,6172320188
1397.htm,6172362063
0595.htm,6172662788
0598.htm,6172674799
0600.htm,6172675300
0596.htm,6173387887
0355.htm,6173490071
0349.htm,6173546699
0640.htm,6173697075
1401.htm,6173759663
0637.htm,6174124600
0634.htm,6174230550
0639.htm,6174234800
1403.htm,6174253240
0592.htm,6174268181
0354.htm,6174410077
1226.htm,6174418813
0359.htm,6174911213
0358.htm,6174921234
0594.htm,6175234480
0590.htm,6175260410
0638.htm,6175329100
0601.htm,6175360448
0593.htm,6175360770
0631.htm,6175364300
0630.htm,6175367200
0635.htm,6175422255
0352.htm,6175479007
0356.htm,6175760280
1224.htm,6175766394
1228.htm,6175778300
1229.htm,6176610706
1402.htm,6177280728
0591.htm,6177313232
1398.htm,6177348192
1399.htm,6177375454
1400.htm,6177786841
0632.htm,6177874242
0633.htm,6178598886
0351.htm,6178642806
1230.htm,6178646299
0353.htm,6178647447
1225.htm,6178681900
1396.htm,6179736680
1077.htm,6192380048
0519.htm,6195467900
0513.htm,6192208992
1073.htm,6192242227
1076.htm,6192313140
0515.htm,6192323242
1072.htm,6192329840
0516.htm,6192333309
0658.htm,6192341735
1455.htm,6192342449
1071.htm,6192392222
1452.htm,6192824413
1454.htm,6192911103
0510.htm,6192917131
1453.htm,6192937275
0659.htm,6192943061
0656.htm,6192957275
0654.htm,6192962700
0514.htm,6192968226
0517.htm,6192984646
0518.htm,6195579441
1078.htm,6196832800
1451.htm,6196880717
1074.htm,6196963369
0748.htm,6235518259
1539.htm,6238774123
1810.htm,6238796819
0806.htm,6363004680
1120.htm,6514821600
1920.htm,6512289925
1115.htm,6512917105
0209.htm,6516983400
0207.htm,6512211061
0208.htm,6512244053
0211.htm,6512245821
0213.htm,6512246418
0203.htm,6512259414
0212.htm,6512273533
1926.htm,6512280427
0205.htm,6512289500
1929.htm,6512868915
1925.htm,6512919638
0210.htm,6514881922
1927.htm,6516050190
1930.htm,6516311630
1118.htm,6516446778
1117.htm,6516450006
1924.htm,6516464144
1119.htm,6516468957
1922.htm,6516479004
1923.htm,6516900993
1116.htm,6516903297
1114.htm,6516988387
1921.htm,6516993141
1928.htm,6517718484
0204.htm,6517724388
1931.htm,6517768888
0206.htm,6519172332
1009.htm,6787021620
0829.htm,7026937223
0615.htm,7027327256
1415.htm,7022517770
1414.htm,7022597755
0614.htm,7022630034
0826.htm,7023693971
0830.htm,7023695000
0612.htm,7023857111
0831.htm,7024143888
1417.htm,7026710005
0620.htm,7027316030
0619.htm,7027317110
0621.htm,7027330070
0824.htm,7027356828
0613.htm,7027364939
0622.htm,7027404555
0825.htm,7027707000
0828.htm,7027929222
0618.htm,7027967111
1416.htm,7028738990
1419.htm,7028763647
1413.htm,7029427778
0780.htm,7043322414
1569.htm,7043449222
0776.htm,7043471918
1574.htm,7043472749
1575.htm,7043588004
0781.htm,7043714448
1577.htm,7043727792
0778.htm,7043755750
0782.htm,7043761781
0779.htm,7043994417
1572.htm,7045033830
1570.htm,7045231594
1576.htm,7045238296
0777.htm,7045405740
1571.htm,7045687933
1573.htm,7045949944
0775.htm,7048455244
0473.htm,7063220012
0474.htm,7065070993
0428.htm,7135208599
0577.htm,7132245299
0570.htm,7132665888
0423.htm,7133342000
1378.htm,7133552600
0575.htm,7134329649
1384.htm,7135205023
0571.htm,7135205131
0422.htm,7135205959
0426.htm,7135224229
0424.htm,7135227602
1382.htm,7135236404
1381.htm,7135237154
0427.htm,7135241700
0425.htm,7135246922
1380.htm,7135280198
0572.htm,7135339098
0576.htm,7136611622
1379.htm,7136685756
0579.htm,7136828836
0421.htm,7136958112
0578.htm,7137482233
1383.htm,7137776900
1023.htm,7168238888
0057.htm,7168344100
1020.htm,7168366818
1021.htm,7168373038
0055.htm,7168426900
0056.htm,7168546666
0059.htm,7168745400
0060.htm,7168788148
0062.htm,7168811888
1024.htm,7168821422
1022.htm,7168831438
1025.htm,7168834166
1817.htm,7168838200
0058.htm,7168845128
1316.htm,7172951300
1318.htm,7173928620
0492.htm,7173939193
0493.htm,7173949019
0490.htm,7173991912
1317.htm,7175605030
0491.htm,7175696633
0759.htm,7186150010
1556.htm,7182225800
1947.htm,7182380079
1949.htm,7182464000
1562.htm,7183885988
1951.htm,7183887771
0760.htm,7183889222
1557.htm,7183984300
1252.htm,7184298552
1952.htm,7185996895
0380.htm,7186310147
1561.htm,7186368886
0381.htm,7186613380
0762.htm,7187481698
0377.htm,7187620300
1954.htm,7187832900
1558.htm,7187895663
0382.htm,7187937177
1948.htm,7188341776
1953.htm,7188400408
0761.htm,7188553410
1254.htm,7188860388
0379.htm,7188863266
1253.htm,7188889388
0378.htm,7188889890
1950.htm,7189462705
1559.htm,7189651108
0987.htm,7192606677
1770.htm,7193903223
1769.htm,7194739999
1766.htm,7195320032
0986.htm,7195731976
0980.htm,7195737606
0979.htm,7195741426
0984.htm,7195765223
0983.htm,7195911210
1767.htm,7195914849
0985.htm,7195967191
0982.htm,7195971175
1771.htm,7196321971
0978.htm,7196332122
0981.htm,7196339616
1768.htm,7196340800
1324.htm,7202140585
1323.htm,7205650707
1337.htm,7209561490
1285.htm,7273844329
1284.htm,7273273990
1288.htm,7273430050
1289.htm,7273455353
1291.htm,7273479497
1286.htm,7275258748
0431.htm,7275274027
0433.htm,7275281410
0434.htm,7278236603
1290.htm,7278663474
0432.htm,7278979375
1287.htm,7278985282
0314.htm,7576249100
1788.htm,7574177701
1793.htm,7574226000
1792.htm,7574279998
1002.htm,7574282411
1789.htm,7574286836
1790.htm,7574300020
0313.htm,7574616766
1787.htm,7574630003
1198.htm,7574660923
1197.htm,7574661881
1791.htm,7574715022
1786.htm,7574994115
0312.htm,7576233939
1199.htm,7576251262
1794.htm,7576311294
1795.htm,7576877844
1004.htm,7704322663
0547.htm,7733841035
0545.htm,7733957100
0148.htm,7734890690
0017.htm,7735457427
0011.htm,7735611600
0013.htm,7736048769
0542.htm,7736650972
0543.htm,7737726656
0018.htm,7738837220
1355.htm,7739295363
0150.htm,7739355000
0540.htm,7739895595
1149.htm,7756739663
1963.htm,7758523600
1960.htm,7753227171
1957.htm,7753229039
1145.htm,7753231891
0257.htm,7753246200
1959.htm,7753274422
0254.htm,7753294481
1962.htm,7753488226
1955.htm,7757462228
1146.htm,7757892269
1958.htm,7758252451
0253.htm,7758253005
0256.htm,7758255225
1956.htm,7758257779
1148.htm,7758259800
0255.htm,7758268770
1147.htm,7758298424
0362.htm,7865479590
1782.htm,8015668838
1780.htm,8017465565
1781.htm,8013283474
0998.htm,8014661968
1778.htm,8014740047
0994.htm,8014832120
0999.htm,8014865643
1001.htm,8015210424
1784.htm,8015301000
1783.htm,8015339923
1000.htm,8015393170
1779.htm,8015756262
0996.htm,8015821400
0995.htm,8015833575
1785.htm,8015850616
1251.htm,8032543266
0371.htm,8034076443
0368.htm,8034629991
1250.htm,8037312136
0374.htm,8037821098
1247.htm,8037829547
0373.htm,8037870945
0369.htm,8037876820
0376.htm,8037882300
1248.htm,8037908974
0370.htm,8037960220
0372.htm,8037960220
1644.htm,8042176646
0850.htm,8042225804
0844.htm,8042323320
0846.htm,8042331781
1645.htm,8042542667
0852.htm,8042641161
0849.htm,8042751760
0853.htm,8042888687
0848.htm,8043431063
0851.htm,8043532505
0845.htm,8043539119
1647.htm,8043553111
1638.htm,8043580369
1642.htm,8043790600
1646.htm,8046438080
1641.htm,8046442637
1643.htm,8046483225
0854.htm,8046732233
0847.htm,8047401700
1637.htm,8047403135
1639.htm,8047405109
1640.htm,8047502003
1899.htm,8082498463
0652.htm,8082615565
1578.htm,8085248466
0448.htm,8089359361
0789.htm,8089441555
0651.htm,8089493548
1900.htm,8082144608
0644.htm,8082354505
0642.htm,8082565589
0032.htm,8082599811
1446.htm,8082614661
0643.htm,8082630377
0788.htm,8082750063
0446.htm,8083267836
0450.htm,8083291393
1297.htm,8083340880
0783.htm,8083954330
0033.htm,8084407910
0653.htm,8085212900
0785.htm,8085313268
1014.htm,8085401377
1096.htm,8085728711
0180.htm,8085752770
0648.htm,8085858839
1581.htm,8085911809
0646.htm,8086373059
0024.htm,8086374852
0184.htm,8086610333
1897.htm,8086610700
1098.htm,8086613472
1896.htm,8086618815
0175.htm,8086622832
0177.htm,8086623000
0185.htm,8086672814
1100.htm,8086674051
1898.htm,8086677758
0183.htm,8086691500
1579.htm,8087329469
1447.htm,8087342737
0792.htm,8087358886
0028.htm,8087372275
0647.htm,8087373333
0025.htm,8087375591
1582.htm,8087376600
0649.htm,8087392800
0784.htm,8087395100
1902.htm,8088740331
1099.htm,8088741234
1901.htm,8088752088
1101.htm,8088754100
0178.htm,8088756630
0181.htm,8088757782
1097.htm,8088758800
1903.htm,8088758811
0179.htm,8088759669
0186.htm,8088786874
1904.htm,8088792607
0447.htm,8088852000
1298.htm,8088859299
0176.htm,8088918600
0787.htm,8089221233
0031.htm,8089222268
0791.htm,8089224422
0790.htm,8089228877
1441.htm,8089229722
0786.htm,8089230669
0027.htm,8089232311
0030.htm,8089232311
1012.htm,8089232861
1443.htm,8089236552
1013.htm,8089263444
0449.htm,8089352259
1444.htm,8089412515
1445.htm,8089424466
1583.htm,8089432529
0645.htm,8089471688
0029.htm,8089473800
0026.htm,8089492526
0650.htm,8089551764
1580.htm,8089730168
1442.htm,8089885923
1652.htm,8132286973
0863.htm,8132481326
1653.htm,8132501661
1650.htm,8132506272
0856.htm,8132518406
0857.htm,8132545870
1648.htm,8132580393
0859.htm,8132812100
0862.htm,8132821118
0858.htm,8133538155
1655.htm,8133548335
0860.htm,8133963977
0865.htm,8134905288
1654.htm,8138149394
0861.htm,8138314694
0855.htm,8139321303
1651.htm,8139337990
0864.htm,8139774400
0991.htm,8164446006
1775.htm,8164713300
0990.htm,8162211399
0989.htm,8163334048
1773.htm,8163914460
1772.htm,8164540008
0988.htm,8165235462
0993.htm,8165458001
1774.htm,8167416027
0992.htm,8168422747
1776.htm,8169311054
1777.htm,8169313663
0554.htm,8182279505
0243.htm,8185087017
0249.htm,8187842244
0555.htm,8187842915
0574.htm,8324878862
1937.htm,8435778813
1121.htm,8432254743
1933.htm,8434062978
1939.htm,8434064919
0375.htm,8435244653
1124.htm,8435341436
0220.htm,8435546519
1122.htm,8435560772
1932.htm,8435715100
0217.htm,8435773818
0215.htm,8435775300
0218.htm,8437223287
1935.htm,8437231700
1123.htm,8437236325
0219.htm,8437237121
1938.htm,8437276767
1934.htm,8437622549
0214.htm,8437639923
0216.htm,8437664638
1936.htm,8438533287
1448.htm,8582689638
0511.htm,8582705047
0512.htm,8584058620
1450.htm,8584597222
1456.htm,8584902877
1449.htm,8584906363
1258.htm,8642705055
0385.htm,8642813864
1262.htm,8642321021
1264.htm,8642331385
0384.htm,8642333996
1261.htm,8642340034
0386.htm,8642349000
0389.htm,8642778921
1255.htm,8642828945
0388.htm,8642888607
0390.htm,8642928586
1260.htm,8643316836
1256.htm,8643709336
0383.htm,8644589099
1259.htm,8644679975
1263.htm,8646270041
0387.htm,8646760200
0101.htm,8655880933
1854.htm,8652125672
1853.htm,8653579866
0104.htm,8655224963
1852.htm,8655233550
1851.htm,8655234597
0112.htm,8655319399
1850.htm,8655391323
0110.htm,8655464212
1057.htm,8655737936
1054.htm,8655790889
1058.htm,8655881076
0105.htm,8656339618
0111.htm,8656702878
1052.htm,8656709858
1053.htm,8656733122
0100.htm,8656733422
0102.htm,8656758800
0106.htm,8656880306
0103.htm,8656905505
0107.htm,8656906163
0109.htm,8657699005
0113.htm,8658625358
0108.htm,8658655660
1055.htm,8659662317
0117.htm,8664382507
1961.htm,8663867829
0556.htm,8667968476
0532.htm,8774310400
1420.htm,8777962096
0832.htm,8889876667
0617.htm,8883207110
0827.htm,8883523463
0921.htm,9012788626
1714.htm,9013667827
1710.htm,9013807814
0924.htm,9013821007
1707.htm,9013888178
1711.htm,9014581644
1708.htm,9014584880
1706.htm,9015228612
0923.htm,9016856857
1709.htm,9017251375
1712.htm,9017260770
0925.htm,9017266138
0922.htm,9017632264
0926.htm,9017677770
1702.htm,9042308608
0916.htm,9042961525
0911.htm,9043568274
0919.htm,9043814242
0918.htm,9043873595
0917.htm,9043991306
1700.htm,9043991768
1701.htm,9047200511
1705.htm,9047379903
1699.htm,9047432662
0913.htm,9047449148
0912.htm,9047715757
0914.htm,9047784805
0915.htm,9048191554
1704.htm,9048808696
0920.htm,9049967557
1703.htm,9049987006
0394.htm,9122332626
0391.htm,9129205504
1265.htm,9122332195‎
0395.htm,9122332901
1268.htm,9122338222
1267.htm,9122342344
0392.htm,9122354804
0399.htm,9122366682
1266.htm,9123542524
0397.htm,9128971559
0393.htm,9128979963
0398.htm,9129202788
1763.htm,9152319757
1765.htm,9153512415
0977.htm,9155331144
1762.htm,9155817733
0973.htm,9155875559
0974.htm,9155900115
1764.htm,9155917553‎
0972.htm,9155942858
0976.htm,9157788600
0975.htm,9158456557
1676.htm,9164243520
1674.htm,9169252233
1667.htm,9163839264
1671.htm,9164432862
0874.htm,9164437685
1675.htm,9164441030
0875.htm,9164483333
1670.htm,9164557383
1672.htm,9164557911
1669.htm,9164864891
1668.htm,9164981388
0876.htm,9165154815
0873.htm,9165646555
1673.htm,9166498305
0872.htm,9169200974
1837.htm,9182349000
0087.htm,9182995900
1834.htm,9183079151
0084.htm,9184819500
1044.htm,9184916436
0085.htm,9185821984
0082.htm,9185838703
0088.htm,9185840171
1043.htm,9185852229
0083.htm,9185927995
1836.htm,9186222668
1839.htm,9186227667
1838.htm,9186229905
1041.htm,9187440320
1042.htm,9187479931
0086.htm,9188280010
1040.htm,9189496666
1840.htm,9198217117
1841.htm,9198560980
1275.htm,9192064067
0407.htm,9192862884
1269.htm,9192867447
0403.htm,9192869755
1271.htm,9193094864
0404.htm,9193829431
1272.htm,9194052684
0408.htm,9194160221
1273.htm,9194168800
1046.htm,9194532875
0406.htm,9194772181
0405.htm,9194892669
1274.htm,9194932202
0096.htm,9195215328
0410.htm,9195441532
0097.htm,9195718555
0090.htm,9196648704
0409.htm,9196806227
0411.htm,9196820228
0094.htm,9197559697
0093.htm,9197814480
1844.htm,9197829708
1843.htm,9197873373
1270.htm,9198068899
1047.htm,9198217553
1842.htm,9198280840
1048.htm,9198281428
0098.htm,9198284927
1051.htm,9198297090
1848.htm,9198327449
0095.htm,9198332888
1849.htm,9198349117
1846.htm,9198380011
0092.htm,9198446NYC
1045.htm,9198483350
1049.htm,9198592544
1847.htm,9198628830
1050.htm,9198759007
1845.htm,9198764222
0091.htm,9198780477
0099.htm,9199810305
0274.htm,9419220703
1160.htm,9413302662
0268.htm,9413515533
1978.htm,9413589958
1976.htm,9413645775
1159.htm,9413713333
0271.htm,9413719358
0269.htm,9413773474
1980.htm,9413790705
1977.htm,9413881555
0270.htm,9413883948
1161.htm,9413883948
1157.htm,9413884485
0272.htm,9414877300
1975.htm,9417510111
1974.htm,9418220288
1979.htm,9419073873
0276.htm,9419252400
0277.htm,9419254444
0273.htm,9419297322
0275.htm,9419520045
1065.htm,9543277625
0131.htm,9544620088
1063.htm,9544632566
0124.htm,9544639578
0132.htm,9544678484
0122.htm,9544913584
0129.htm,9545237191
1862.htm,9545242750
1864.htm,9545275433
1861.htm,9545371722
1066.htm,9545610404
1863.htm,9545631493
0127.htm,9545643671
1865.htm,9545661110
0128.htm,9545665226
0126.htm,9546892344
0123.htm,9547611744
0130.htm,9547643333
1064.htm,9547720207
0754.htm,9722678979
1549.htm,9722472253
1545.htm,9722673336
1874.htm,9723853287
1551.htm,9724048110
1875.htm,9724909000
1552.htm,9725560796
0756.htm,9728183336
0751.htm,9729340165
0757.htm,9729348424
